<?xml version="1.0" encoding="utf-8"?>
<extension type="plugin" version="3.0" method="upgrade" group="content">
	<name>PLG_NOK_WIDGETS</name>
	<author>Norbert Kuemin</author>
	<creationDate>February 2018</creationDate>
	<copyright>(C) 2018 Norbert Kuemin. All rights reserved.</copyright>
	<license>GNU/GPL http://www.gnu.org/copyleft/gpl.html</license>
	<authorEmail>momo_102@bluemail.ch</authorEmail>
	<authorUrl>http://kuem.in/</authorUrl>
	<version>0.1</version>
	<description>PLG_NOK_WIDGETS_APP_DESC</description>
	<files>
		<filename plugin="plg_nok_widgets">plg_nok_widgets.php</filename>
		<folder>widgets</folder>
		<filename>index.html</filename>
	</files>
	<languages folder="language">
		<language tag="de-DE">de-DE.plg_content_plg_nok_widgets.ini</language>
		<language tag="de-DE">de-DE.plg_content_plg_nok_widgets.sys.ini</language>
		<language tag="en-GB">en-GB.plg_content_plg_nok_widgets.ini</language>
		<language tag="en-GB">en-GB.plg_content_plg_nok_widgets.sys.ini</language>
	</languages>
	<config />
	<updateservers>
		<server type="extension" priority="2" name="PLG_NOK_DYNAMIC_APP_UPDATE">http://kuem.in/joomlaupdate/plg_content_nok_widgets.xml</server>
	</updateservers>
</extension>
